{"accuracy": 0.7428571428571429, "specificity": 0.3125, "sensitivity": 0.8202247191011236}