{"accuracy": 0.6857142857142857, "specificity": 0.4375, "sensitivity": 0.7303370786516854}